{"cameraMode":{"drawMode":0,"name":"Shaded","section":"Shading Mode"},"sceneLighting":true,"audioPlay":false,"sceneViewState":{"m_AlwaysRefresh":false,"showFog":true,"showSkybox":true,"showFlares":true,"showImageEffects":true,"showParticleSystems":true,"showVisualEffectGraphs":true,"m_FxEnabled":true},"in2DMode":false,"pivot":{"x":47.94221878051758,"y":26.958772659301759,"z":41.202049255371097},"rotation":{"x":0.14765670895576478,"y":-0.8213616609573364,"z":0.2459997534751892,"w":0.49301034212112429},"size":2.7497479915618898,"orthographic":false}